tile,fwd,rev
1,taccactactaggcaaagcatcact,ctcttggacctctactagacctgg
2,gcactacccaatttcgtttgaagga,ccgaatgcatttccaagctgttc
3,gaacagggagtgaaggactatgtg,cagccatagggattccgtaatattg
4,gtggctcaaacagaaggtgtca,gttcctggtcactttgggatgg
5,cacaatcgagcagagcgcg,tttctcagcaagcgaccttcc
6,caagtcggtggcaacaaacttaatt,cggtgaggtgaacagaatgcc
7,catggctgccctagaagagaaa,aattgaccgggcaacactcatc
8,cccatgtcagtcaagacttgtgac,gtgcaacgctaattttgatctctct
9,caccgagatgtttagggagtacaat,ccactgacacaaatgtggtcaa
10,ggctttcatttgcttacaggca,gcccacctgtcatagatgcc
11,gaatatggcgagtttaccatgctg,gttgggaaacttgctggtgttaat
12,ggttaatgaggcagtgctagca,caccttgctcatcattgaagtagtg
13,cttctcagcagcactcctcaaa,gcgtagtggtccactgcttc
14,acacgtggatgagtacatgctg,cttctctatggacctgagctcat
15,cctgaacctaccaatggtgacttat,ccagacagggcttaagctagc
16,agcatttgattactctgggtacgat,caccatatgcgatcatcctgaattg
17,gtgtacaaagggattgacttggac,ttgattcgtgtatgtctttcatggg
18,cttcctggtgcatcctgttatg,agcacagtagggttaagccaa
